EmployeeID,FullName,Role,Department
EMP001,Alicia Green,Engineer,Procurement
EMP002,Jennifer Webb,PM,PMO
EMP003,Faith Miller,Engineer,Procurement
EMP004,Sabrina Williams,PM,Procurement
EMP005,Sarah Hernandez,Engineer,Procurement
EMP006,Deborah Mayer,Engineer,PMO
EMP007,Ashley Beltran,Analyst,PMO
EMP008,Kimberly Stevens,PM,Procurement
EMP009,Tyler Beck,Analyst,Engineering
EMP010,Chad Galloway,Analyst,PMO
EMP011,Anthony Church,PM,Procurement
EMP012,Thomas Smith,Analyst,PMO
EMP013,Christopher Sanchez,Analyst,Engineering
EMP014,Erin Myers,Engineer,PMO
EMP015,Amanda Young,Engineer,Engineering
EMP016,Derek Andrews,PM,Procurement
EMP017,Donald Turner,Analyst,Engineering
EMP018,Jeffrey Walters,Analyst,Engineering
EMP019,Ruben Glenn,PM,PMO
EMP020,Patricia Shannon,Analyst,Engineering
